{
  "assetsByChunkName": {
    "vendors~app-account~app-confirmation~app-order": "chunk.c6719375393f5660b5c3.js",
    "vendors~app-account~app-checkout": "chunk.10371a5d02ccccd05f14.js",
    "vendors~app-cart~app-checkout": "chunk.e00343f8689278bcd5a7.js",
    "admin": [
      "admin.315bff30ac843b634398.js",
      "admin.315bff30ac843b634398.js.map"
    ],
    "app-account": "chunk.14c6de35bb6b65fe2667.js",
    "app-cart": "chunk.71a50f624f00e280ae78.js",
    "app-checkout": "chunk.0e99c215e6bfbbf5c13d.js",
    "app-confirmation": "chunk.f2c8a1b7bc991cf50761.js",
    "app-order": "chunk.c1c37fe9d83ce4d3142a.js",
    "checkout": [
      "checkout.f0f31934cb515bb892a6.js",
      "checkout.f0f31934cb515bb892a6.js.map"
    ],
    "storefront": [
      "storefront.478fbe646a60db3bb2d1.css",
      "storefront.d232b4da0705ae407306.js",
      "storefront.478fbe646a60db3bb2d1.css.map",
      "storefront.d232b4da0705ae407306.js.map"
    ],
    "vendors~app-account": "chunk.8b72312d4e7ed97ca993.js",
    "vendors~app-cart": "chunk.1736080a1224eba154fc.js",
    "vendors~app-checkout": "chunk.1156ade708771a3d97ce.js"
  }
}