{
  "categories_list": {
    "featured": [
      "/p/mercearia?Mercearia",
      "/p/sb-temperos-e-condimentos?Temperos e Condimentos",
      "/p/sb-ingredientes-mercearia?Ingredientes Mercearia"
    ],
    "random": 0,
    "full_width": true
  },
  "menu_all_departments": false,
  "centralized_logo": false,
  "marketing_stripe": [
    {
      "text": "Pague com pix e ganhe 5% de desconto ",
      "link": "",
      "background": "#090909",
      "color": "#ffffff"
    }
  ],
  "alphabetical_order_submenu": true,
  "name_all_departments": "",
  "search_input": true,
  "desktop_megamenu": true,
  "full_width_submenu": true,
  "contacts_stripe": {
    "pages": [],
    "phone_wpp": true,
    "socials": true
  }
}