{
  "meta_title": "",
  "meta_description": "Ofertas",
  "sections": [
    {
      "type": "banners-grid",
      "grid_type": "Mosaico",
      "banners": [
        {
          "img": "/img/uploads/1070x553.svg",
          "bn_title": "Teste",
          "link": "https://festfood.netlify.app/w/vinho-tinto"
        },
        {
          "img": "/img/uploads/400x266.svg",
          "bn_title": "Teste",
          "link": "https://festfood.netlify.app/w/vinho-branco"
        },
        {
          "img": "/img/uploads/400x266.svg",
          "bn_title": "Teste",
          "link": "https://festfood.netlify.app/w/sb-malbec"
        }
      ]
    },
    
    {
      "type": "banners-grid",
      "grid_type": null,
      "banners": [
        {
          "img": "/img/uploads/350-150.png",
          "bn_title": ""
        },
        {
          "img": "/img/uploads/350-150.png",
          "bn_title": ""
        },
        {
          "img": "/img/uploads/350-150.png",
          "bn_title": ""
        },
        {
          "img": "/img/uploads/350-150.png",
          "bn_title": ""
        },
        {
          "img": "/img/uploads/350-150.png",
          "bn_title": ""
        },
        {
          "img": "/img/uploads/350-150.png",
          "bn_title": ""
        },
        {
          "img": "/img/uploads/350-150.png",
          "bn_title": ""
        },
        {
          "img": "/img/uploads/350-150.png",
          "bn_title": ""
        }
      ],
      "title": ""
    },
    {
      "type": "collection-shelf",
      "shuffle": false,
      "limit": 12,
      "page": 1,
      "grid_type": "Comum",
      "collection_id": "681e02fa578b5f795411f762:collections:Ofertas:/p/ofertas",
      "sort": "sales"
    },
    {
      "type": "banner-slider",
      "autoplay": 0,
      "full_width": false,
      "slides": [
        {
          "start": "",
          "end": "",
          "img": "/img/uploads/350-150.png",
          "link": "https://www.festcakes.com.br/search?term=nestl%C3%A9&utm_source=site&utm_medium=banner&utm_campaign=parceria_nestle",
          "alt": "309"
        },
        {
          "start": "",
          "end": "",
          "img": "/img/uploads/350-150.png",
          "link": "https://www.festcakes.com.br/search?term=Amor++Ideia&utm_source=site&utm_medium=banner&utm_campaign=valentine10off",
          "alt": "315"
        },
        {
          "start": "",
          "end": "",
          "img": "/img/uploads/350-150.png",
          "link": "https://www.festcakes.com.br/search?term=P%C3%A1scoa&utm_source=site&utm_medium=banner&utm_campaign=01-pascoa",
          "alt": "300"
        }
      ]
    },
    {
      "type": "collection-shelf",
      "shuffle": false,
      "limit": 12,
      "page": 1,
      "grid_type": "Comum"
    },
    {
      "type": "banners-grid",
      "grid_type": "3",
      "banners": [
        {
          "img": "/img/uploads/1070-x-440.png",
          "bn_title": "Teste"
        }
      ]
    },
    {
      "bg_color": "#941635",
      "page": 1,
      "grid_type": "Comum",
      "title": "Recheio Pronto",
      "shuffle": true,
      "headless": false,
      "type": "collection-shelf",
      "limit": 12,
      "collection_id": "66a845ad86679971c62d0cb0:categories:Mercearia:/p/mercearia",
      "title_color": "#ffffff",
      "sort": "sales"
    },
    {
      "bg_color": "#941635",
      "page": 1,
      "grid_type": "Comum",
      "title": "Vinhos Tintos",
      "shuffle": true,
      "headless": false,
      "type": "collection-shelf",
      "limit": 12,
      "collection_id": "66a845af86679971c62d0cb3:categories:Frutas secas e grãos:/p/sb-frutas-secas-e-graos",
      "title_color": "#ffffff",
      "sort": "sales"
    },
    {
      "type": "collection-shelf",
      "shuffle": false,
      "limit": 12,
      "page": 1,
      "grid_type": "Comum"
    },
    {
      "type": "blog",
      "enabled": true
    }
  ]
}