{
  "shipping": {
    "show": true,
    "title": "Entrega rápida",
    "text": "para todo o Brasil",
    "link": "https://www.festcakes.com.br/pages/entrega"
  },
  "installments": {
    "show": true,
    "title": "Parcele sem juros",
    "text": "em até 6x",
    "link": "https://www.festcakes.com.br/pages/pagamentos"
  },
  "exchange": {
    "show": false,
    "title": "Não gostou? A primeira troca é gratuita",
    "text": "Não gostou? A primeira troca é gratuita"
  },
  "promo": {
    "show": true,
    "title": "5% de desconto",
    "text": "Em pagamentos à vista",
    "link": "https://www.festcakes.com.br/pages/pagamentos"
  }
}